Ticker,Date/Time,Open,High,Low,Close,Volume
DHD,5/8/2017 00:00:00,14.2109,14.2109,14.2109,14.2109,100
DHD,5/9/2017 00:00:00,16.3008,16.3008,16.3008,16.3008,1300
DHD,5/10/2017 00:00:00,18.6892,18.6892,18.6892,18.6892,9200
DHD,5/11/2017 00:00:00,21.4358,21.4358,21.4358,21.4358,17600
DHD,5/12/2017 00:00:00,24.6005,24.6005,24.6005,24.6005,6500
DHD,5/15/2017 00:00:00,24.6005,28.183,24.6005,26.8694,14600
DHD,5/16/2017 00:00:00,23.8839,24.1825,23.8839,23.8839,2900
DHD,5/17/2017 00:00:00,23.8839,24.481,23.5854,24.481,20900
DHD,5/18/2017 00:00:00,23.8839,24.481,23.8839,24.0034,7100
DHD,5/19/2017 00:00:00,24.481,24.481,24.0034,24.0034,6100
DHD,5/22/2017 00:00:00,24.0034,24.0034,24.0034,24.0034,1200
DHD,5/23/2017 00:00:00,23.8839,24.0034,23.8839,23.8839,8300
DHD,5/24/2017 00:00:00,23.8839,23.8839,22.6897,23.8839,1900
DHD,5/25/2017 00:00:00,27.2874,27.2874,23.6451,23.6451,310
DHD,5/26/2017 00:00:00,24.1228,24.1228,24.1228,24.1228,200
DHD,5/29/2017 00:00:00,23.6451,23.6451,23.6451,23.6451,1200
DHD,5/30/2017 00:00:00,23.5854,23.6451,22.6897,23.6451,6300
DHD,5/31/2017 00:00:00,23.6451,23.6451,23.5854,23.5854,4400
DHD,6/1/2017 00:00:00,22.9883,22.9883,22.9883,22.9883,800
DHD,6/2/2017 00:00:00,23.5854,23.5854,23.5854,23.5854,3800
DHD,6/5/2017 00:00:00,23.5854,23.5854,23.5854,23.5854,1200
DHD,6/8/2017 00:00:00,20.0625,23.1674,20.0625,23.1674,1200
DHD,6/9/2017 00:00:00,20.5402,20.5999,20.4208,20.5999,3400
DHD,6/12/2017 00:00:00,22.5703,22.5703,20.5402,20.5402,1400
DHD,6/15/2017 00:00:00,20.8984,21.7941,20.6596,20.6596,1000
DHD,6/16/2017 00:00:00,20.8984,21.7941,20.8984,21.7941,400
DHD,6/19/2017 00:00:00,21.197,21.197,20.4208,20.4208,300
DHD,6/20/2017 00:00:00,20.3611,20.3611,20.3013,20.3013,7700
DHD,6/21/2017 00:00:00,20.779,20.779,20.3013,20.4208,900
DHD,6/22/2017 00:00:00,20.4208,20.5402,20.4208,20.5402,3600
DHD,6/23/2017 00:00:00,20.4805,20.4805,20.4805,20.4805,100
DHD,6/26/2017 00:00:00,20.4805,20.4805,20.3013,20.3013,3900
DHD,6/27/2017 00:00:00,20.3013,20.3013,20.3013,20.3013,5710
DHD,6/28/2017 00:00:00,20.0028,20.3013,20.0028,20.3013,400
DHD,6/30/2017 00:00:00,17.913,17.913,17.913,17.913,100
DHD,7/3/2017 00:00:00,20.3013,20.3013,20.3013,20.3013,100
DHD,7/5/2017 00:00:00,17.3756,17.3756,17.3756,17.3756,300
DHD,7/7/2017 00:00:00,14.808,17.3159,14.808,16.7188,8600
DHD,7/10/2017 00:00:00,14.3901,15.5246,14.3901,14.3901,1700
DHD,7/11/2017 00:00:00,17.495,17.495,15.5843,15.5843,1100
DHD,7/12/2017 00:00:00,18.0921,18.0921,15.8828,18.0921,1600
DHD,7/13/2017 00:00:00,19.1071,19.1071,19.1071,19.1071,300
DHD,7/14/2017 00:00:00,16.4799,16.4799,16.4799,16.4799,200
DHD,7/17/2017 00:00:00,16.5993,16.5993,16.5993,16.5993,400
DHD,7/18/2017 00:00:00,18.9877,18.9877,18.9877,18.9877,200
DHD,7/19/2017 00:00:00,16.3008,16.3008,16.3008,16.3008,1200
DHD,7/20/2017 00:00:00,17.913,17.913,15.7037,17.913,2900
DHD,7/25/2017 00:00:00,16.9576,16.9576,16.8382,16.8382,600
DHD,7/26/2017 00:00:00,16.7188,16.7188,16.4799,16.7188,2200
DHD,7/27/2017 00:00:00,18.8086,18.8086,17.0173,17.0173,1100
DHD,7/28/2017 00:00:00,17.3756,17.3756,17.3756,17.3756,100
DHD,8/1/2017 00:00:00,18.8086,18.8086,18.8086,18.8086,100
DHD,8/3/2017 00:00:00,17.077,17.077,17.077,17.077,4800
DHD,8/7/2017 00:00:00,18.8086,18.8086,17.913,18.2115,1700
DHD,8/9/2017 00:00:00,17.3159,17.3159,17.2561,17.3159,1500
DHD,8/10/2017 00:00:00,17.3756,17.913,17.3756,17.913,1500
DHD,8/11/2017 00:00:00,17.913,18.5101,17.913,18.5101,1300
DHD,8/15/2017 00:00:00,18.0324,18.0324,18.0324,18.0324,9200
DHD,8/18/2017 00:00:00,16.7188,16.7188,16.7188,16.7188,200
DHD,8/22/2017 00:00:00,18.8086,18.8086,18.8086,18.8086,1900
DHD,8/23/2017 00:00:00,18.7489,18.7489,18.7489,18.7489,300
DHD,8/24/2017 00:00:00,17.0173,17.0173,16.7188,16.7188,1000
DHD,8/25/2017 00:00:00,18.8086,18.8086,14.4498,14.4498,3300
DHD,8/28/2017 00:00:00,17.3159,17.6741,15.2857,15.2857,1600
DHD,8/29/2017 00:00:00,17.8532,17.913,17.8532,17.913,300
DHD,8/30/2017 00:00:00,15.5843,18.7489,15.5843,18.7489,1000
DHD,8/31/2017 00:00:00,15.9425,18.5101,15.9425,18.5101,200
DHD,9/1/2017 00:00:00,16.7785,16.7785,16.7785,16.7785,100
DHD,9/6/2017 00:00:00,14.4498,14.4498,14.4498,14.4498,1000
DHD,9/7/2017 00:00:00,12.3599,16.5993,12.3599,16.5993,200
DHD,9/8/2017 00:00:00,13.793,13.793,13.793,13.793,200
DHD,9/13/2017 00:00:00,15.8231,15.8231,15.8231,15.8231,5900
DHD,9/14/2017 00:00:00,17.0173,17.077,17.0173,17.077,1100
DHD,9/15/2017 00:00:00,17.6144,17.6144,17.3159,17.3159,1800
DHD,9/18/2017 00:00:00,17.913,17.913,17.913,17.913,1400
DHD,9/19/2017 00:00:00,19.1071,19.1071,19.1071,19.1071,100
DHD,9/21/2017 00:00:00,17.913,17.913,17.913,17.913,600
DHD,9/22/2017 00:00:00,17.913,17.913,17.913,17.913,500
DHD,9/25/2017 00:00:00,20.5999,20.5999,17.913,17.913,600
DHD,9/26/2017 00:00:00,17.913,18.4503,17.913,18.4503,3400
DHD,9/27/2017 00:00:00,17.913,17.913,17.913,17.913,300
DHD,10/2/2017 00:00:00,15.8828,15.8828,15.8828,15.8828,500
DHD,10/4/2017 00:00:00,18.1518,18.1518,18.1518,18.1518,100
DHD,10/5/2017 00:00:00,15.5843,15.5843,15.5843,15.5843,100
DHD,10/10/2017 00:00:00,17.913,17.913,17.913,17.913,100
DHD,10/17/2017 00:00:00,17.913,18.1518,17.913,18.1518,1100
DHD,10/18/2017 00:00:00,18.0921,18.0921,18.0921,18.0921,500
DHD,10/20/2017 00:00:00,17.913,17.913,17.913,17.913,4000
DHD,10/23/2017 00:00:00,17.913,17.913,17.913,17.913,1900
DHD,10/24/2017 00:00:00,17.3159,17.3159,17.3159,17.3159,1000
DHD,10/25/2017 00:00:00,17.3159,17.3159,17.3159,17.3159,2000
DHD,10/26/2017 00:00:00,17.6144,17.6144,17.3159,17.3159,1100
DHD,10/27/2017 00:00:00,18.4503,18.4503,18.4503,18.4503,100
DHD,10/31/2017 00:00:00,20.5999,20.5999,20.5999,20.5999,100
DHD,11/1/2017 00:00:00,17.5547,17.5547,17.5547,17.5547,3200
DHD,11/2/2017 00:00:00,17.8532,17.8532,17.8532,17.8532,100
DHD,11/3/2017 00:00:00,17.6144,17.6144,17.6144,17.6144,2000
DHD,11/6/2017 00:00:00,20.2416,20.2416,20.2416,20.2416,100
DHD,11/7/2017 00:00:00,23.2271,23.2271,17.3159,17.3159,1400
DHD,11/8/2017 00:00:00,23.1674,23.1674,20.1819,20.1819,300
DHD,11/9/2017 00:00:00,19.1071,22.63,18.3906,18.6892,7900
DHD,11/10/2017 00:00:00,21.1373,21.1373,20.3013,20.3013,900
DHD,11/13/2017 00:00:00,18.2712,20.3013,18.2712,20.3013,300
DHD,11/14/2017 00:00:00,18.928,18.928,18.928,18.928,1000
DHD,11/16/2017 00:00:00,18.8683,18.8683,18.8683,18.8683,200
DHD,11/17/2017 00:00:00,20.8387,20.8387,20.8387,20.8387,100
DHD,11/21/2017 00:00:00,21.3761,21.3761,21.3761,21.3761,100
DHD,11/22/2017 00:00:00,18.6295,18.6295,18.6295,18.6295,1000
DHD,11/24/2017 00:00:00,18.6892,18.6892,18.6892,18.6892,100
DHD,11/27/2017 00:00:00,19.4057,19.4057,19.4057,19.4057,100
DHD,12/4/2017 00:00:00,20.0028,20.0028,20.0028,20.0028,200
DHD,12/8/2017 00:00:00,17.6741,17.6741,17.6144,17.6144,200
DHD,12/13/2017 00:00:00,16.1217,16.1217,16.1217,16.1217,4300
DHD,12/14/2017 00:00:00,18.5101,18.5101,16.7188,16.7188,400
DHD,12/18/2017 00:00:00,19.5251,19.5251,19.5251,19.5251,100
DHD,12/27/2017 00:00:00,19.5251,19.5251,19.5251,19.5251,200
DHD,12/29/2017 00:00:00,19.346,19.346,19.346,19.346,4300
DHD,1/5/2018 00:00:00,16.5993,16.5993,16.5993,16.5993,400
DHD,1/10/2018 00:00:00,17.6144,17.6144,17.6144,17.6144,100
DHD,1/11/2018 00:00:00,18.2115,18.5101,18.2115,18.5101,400
DHD,1/12/2018 00:00:00,17.913,17.913,17.913,17.913,14400
DHD,1/15/2018 00:00:00,15.5246,15.5246,15.5246,15.5246,1000
DHD,1/17/2018 00:00:00,16.4202,17.7935,16.4202,17.6144,4500
DHD,1/18/2018 00:00:00,17.3159,17.3159,17.3159,17.3159,200
DHD,1/19/2018 00:00:00,17.6144,17.6144,17.3159,17.3159,600
DHD,1/22/2018 00:00:00,16.7188,17.3159,16.7188,17.3159,500
DHD,1/23/2018 00:00:00,17.0173,17.077,17.0173,17.077,5800
DHD,1/24/2018 00:00:00,16.7188,16.7188,16.7188,16.7188,4300
DHD,1/26/2018 00:00:00,19.1669,19.2266,19.1669,19.2266,2700
DHD,1/29/2018 00:00:00,16.7188,16.7188,16.7188,16.7188,100
DHD,1/31/2018 00:00:00,17.3159,17.3159,17.3159,17.3159,100
DHD,2/1/2018 00:00:00,15.7634,15.7634,15.7634,15.7634,400
DHD,2/5/2018 00:00:00,15.5843,15.5843,15.5843,15.5843,800
DHD,2/6/2018 00:00:00,15.5246,17.8532,15.5246,17.8532,1100
DHD,2/7/2018 00:00:00,17.6144,17.6144,17.6144,17.6144,1000
DHD,2/9/2018 00:00:00,20.1819,20.1819,20.1819,20.1819,1200
DHD,2/21/2018 00:00:00,17.1964,17.1964,17.1964,17.1964,100
DHD,2/22/2018 00:00:00,19.0474,19.0474,19.0474,19.0474,100
DHD,2/23/2018 00:00:00,19.0474,19.0474,19.0474,19.0474,400
DHD,2/26/2018 00:00:00,19.0474,19.0474,19.0474,19.0474,1400
DHD,2/27/2018 00:00:00,16.2411,16.2411,16.2411,16.2411,100
DHD,2/28/2018 00:00:00,14.0318,14.0318,13.9124,13.9124,2300
DHD,3/1/2018 00:00:00,15.9425,15.9425,15.9425,15.9425,100
DHD,3/2/2018 00:00:00,18.2712,18.2712,18.2712,18.2712,100
DHD,3/5/2018 00:00:00,20.2416,20.2416,20.2416,20.2416,2200
DHD,3/7/2018 00:00:00,17.2561,17.2561,17.2561,17.2561,100
DHD,3/14/2018 00:00:00,14.7483,14.808,14.7483,14.808,2000
DHD,3/19/2018 00:00:00,17.0173,17.0173,17.0173,17.0173,800
DHD,3/20/2018 00:00:00,19.5251,19.5251,18.5101,18.5101,4000
DHD,3/21/2018 00:00:00,16.5993,16.659,16.5993,16.659,1300
DHD,3/22/2018 00:00:00,16.659,17.913,16.659,17.3159,5000
DHD,3/23/2018 00:00:00,17.077,19.5848,17.077,19.5848,24600
DHD,3/26/2018 00:00:00,21.8538,21.8538,21.7344,21.8538,46200
DHD,3/27/2018 00:00:00,21.8538,23.8839,21.8538,23.8242,15400
DHD,3/28/2018 00:00:00,20.8387,21.1373,20.2416,21.1373,14100
DHD,3/29/2018 00:00:00,21.0776,21.615,21.0179,21.615,2100
DHD,3/30/2018 00:00:00,22.6897,22.7495,21.615,21.8538,1200
DHD,4/2/2018 00:00:00,21.4955,22.6897,21.4955,21.9135,5900
DHD,4/3/2018 00:00:00,22.7495,22.7495,21.7941,21.8538,7300
DHD,4/4/2018 00:00:00,22.63,22.63,22.0926,22.0926,1400
DHD,4/5/2018 00:00:00,18.9877,22.5106,18.9877,19.1071,7400
DHD,4/6/2018 00:00:00,21.9135,21.9135,21.9135,21.9135,100
DHD,4/9/2018 00:00:00,18.6295,22.0329,18.6295,21.4955,3300
DHD,4/10/2018 00:00:00,22.0329,22.0329,20.3611,20.3611,1400
DHD,4/11/2018 00:00:00,20.4805,20.4805,20.3611,20.3611,2000
DHD,4/12/2018 00:00:00,21.4955,21.4955,21.4955,21.4955,100
DHD,4/16/2018 00:00:00,24.481,24.481,19.7042,19.7042,3800
DHD,4/17/2018 00:00:00,19.7042,20.2416,19.7042,20.2416,1900
DHD,4/18/2018 00:00:00,19.5848,21.3761,19.5848,21.3761,1300
DHD,4/19/2018 00:00:00,20.0028,20.0028,19.7042,20.0028,2600
DHD,4/20/2018 00:00:00,20.3013,20.3013,20.3013,20.3013,100
DHD,4/23/2018 00:00:00,20.8984,20.8984,20.3013,20.3013,3600
DHD,4/24/2018 00:00:00,22.0329,22.0329,21.197,21.197,700
DHD,4/26/2018 00:00:00,20.0028,22.63,18.1518,19.7042,5800
DHD,4/27/2018 00:00:00,19.7042,19.7042,19.7042,19.7042,500
DHD,5/2/2018 00:00:00,21.4358,21.4358,20.3013,20.3013,1300
DHD,5/3/2018 00:00:00,22.0926,22.0926,20.2416,20.3013,900
DHD,5/4/2018 00:00:00,20.2416,20.4805,19.8237,19.8237,4000
DHD,5/7/2018 00:00:00,20.0028,20.0028,19.7042,19.7042,600
DHD,5/9/2018 00:00:00,18.8683,19.8834,18.8683,19.8237,4600
DHD,5/10/2018 00:00:00,19.8237,19.8237,19.7042,19.7042,3400
DHD,5/11/2018 00:00:00,19.1552,19.1552,19.1552,19.1552,100
DHD,5/14/2018 00:00:00,17.1421,18.9112,17.1421,18.9112,3300
DHD,5/15/2018 00:00:00,21.5954,21.5954,21.5954,21.5954,100
DHD,5/16/2018 00:00:00,18.9722,18.9722,18.9722,18.9722,100
DHD,5/17/2018 00:00:00,18.9112,19.5212,18.9112,19.5212,600
DHD,5/21/2018 00:00:00,16.6541,16.7761,16.6541,16.7761,200
DHD,5/22/2018 00:00:00,19.2162,19.2162,19.2162,19.2162,400
DHD,5/23/2018 00:00:00,20.0703,20.0703,19.5212,19.5212,400
DHD,5/24/2018 00:00:00,17.7521,18.3012,17.7521,18.3012,1600
DHD,5/25/2018 00:00:00,19.4602,19.4602,16.6541,18.3012,400
DHD,5/28/2018 00:00:00,16.288,17.1421,16.288,17.1421,3600
DHD,5/29/2018 00:00:00,14.7019,17.6301,14.7019,17.6301,600
DHD,5/30/2018 00:00:00,17.6911,18.3012,17.6911,18.3012,200
DHD,5/31/2018 00:00:00,15.678,17.9351,15.678,17.6911,300
DHD,6/1/2018 00:00:00,17.9351,17.9351,14.7629,17.6911,500
DHD,6/4/2018 00:00:00,16.7761,18.4232,16.7761,18.4232,300
DHD,6/5/2018 00:00:00,18.2402,18.2402,18.2402,18.2402,100
DHD,6/6/2018 00:00:00,16.044,18.3012,16.044,18.2402,300
DHD,6/7/2018 00:00:00,15.312,17.3861,15.312,17.3861,600
DHD,6/8/2018 00:00:00,18.5452,18.5452,18.5452,18.5452,100
DHD,6/11/2018 00:00:00,16.6541,17.9351,16.6541,17.9351,1300
DHD,6/12/2018 00:00:00,17.0811,17.0811,16.7761,16.7761,900
DHD,6/13/2018 00:00:00,17.6301,17.6911,16.9591,17.5691,1900
DHD,6/14/2018 00:00:00,16.8981,17.0811,16.8981,17.0811,500
DHD,6/15/2018 00:00:00,17.8741,17.8741,17.8741,17.8741,100
DHD,6/18/2018 00:00:00,16.8371,17.6911,16.8371,17.0811,1800
DHD,6/19/2018 00:00:00,17.1421,17.1421,14.7629,16.7761,3100
DHD,6/20/2018 00:00:00,14.8849,17.3251,14.8849,17.0811,600
DHD,6/21/2018 00:00:00,17.8741,17.8741,17.8741,17.8741,100
DHD,6/22/2018 00:00:00,15.251,17.0811,15.251,17.0811,300
DHD,6/25/2018 00:00:00,15.068,17.3251,15.068,17.3251,200
DHD,6/26/2018 00:00:00,14.7019,17.2641,14.7019,17.0811,4400
DHD,6/27/2018 00:00:00,17.0811,17.9961,17.0811,17.9961,1900
DHD,6/28/2018 00:00:00,20.0703,20.0703,20.0703,20.0703,100
DHD,6/29/2018 00:00:00,17.2031,20.0093,17.2031,18.6062,800
DHD,7/2/2018 00:00:00,19.7653,19.7653,17.2031,17.2031,300
DHD,7/3/2018 00:00:00,18.5452,18.6062,18.3012,18.3012,3200
DHD,7/4/2018 00:00:00,20.0703,20.0703,18.3012,19.4602,1500
DHD,7/5/2018 00:00:00,19.7653,19.7653,18.3622,18.3622,1100
DHD,7/6/2018 00:00:00,19.5212,20.6193,19.5212,20.6193,200
DHD,7/9/2018 00:00:00,20.7413,21.5954,20.7413,21.5954,200
DHD,7/10/2018 00:00:00,19.2162,19.2162,18.6062,18.6062,1900
DHD,7/11/2018 00:00:00,18.6062,18.6062,18.3012,18.3012,3400
DHD,7/12/2018 00:00:00,20.6803,20.6803,18.3012,18.6062,800
DHD,7/13/2018 00:00:00,18.6672,18.6672,18.4232,18.4232,1000
DHD,7/16/2018 00:00:00,20.2533,20.2533,20.2533,20.2533,100
DHD,7/17/2018 00:00:00,17.3251,21.2903,17.3251,21.2903,400
DHD,7/18/2018 00:00:00,21.3514,23.1205,21.3514,23.1205,200
DHD,7/19/2018 00:00:00,18.9722,19.2162,18.9722,19.0332,1100
DHD,7/20/2018 00:00:00,19.5212,19.5212,19.5212,19.5212,300
DHD,7/23/2018 00:00:00,20.6803,20.6803,20.6803,20.6803,100
DHD,7/24/2018 00:00:00,18.6672,20.6803,18.6672,18.9112,800
DHD,7/25/2018 00:00:00,19.0942,21.2293,19.0942,21.2293,200
DHD,7/26/2018 00:00:00,17.2031,18.9722,17.2031,18.9722,500
DHD,7/27/2018 00:00:00,19.4602,19.5212,19.4602,19.5212,900
DHD,7/30/2018 00:00:00,18.9722,19.0332,18.9722,18.9722,900
DHD,7/31/2018 00:00:00,16.227,21.7784,16.227,21.7784,200
DHD,8/2/2018 00:00:00,20.9853,20.9853,16.8371,16.8981,700
DHD,8/3/2018 00:00:00,20.1313,20.1313,20.1313,20.1313,100
DHD,8/6/2018 00:00:00,17.4471,22.7544,17.4471,22.7544,200
DHD,8/7/2018 00:00:00,17.2031,17.2031,17.2031,17.2031,100
DHD,8/9/2018 00:00:00,17.9961,17.9961,17.9961,17.9961,100
DHD,8/10/2018 00:00:00,20.0703,20.0703,20.0703,20.0703,200
DHD,8/13/2018 00:00:00,17.1421,19.7653,17.1421,19.7653,1500
DHD,8/14/2018 00:00:00,19.3992,19.5212,18.3012,18.3012,500
DHD,8/15/2018 00:00:00,20.7413,20.9243,20.7413,20.9243,200
DHD,8/16/2018 00:00:00,19.1552,19.1552,19.1552,19.1552,1400
DHD,8/17/2018 00:00:00,22.0224,22.0224,19.1552,19.1552,1100
DHD,8/20/2018 00:00:00,20.6193,20.6193,20.6193,20.6193,100
DHD,8/21/2018 00:00:00,17.7521,18.3012,17.7521,18.0571,900
DHD,8/22/2018 00:00:00,18.1792,18.1792,18.1792,18.1792,300
DHD,8/23/2018 00:00:00,18.3012,18.6062,18.3012,18.3012,1700
DHD,8/24/2018 00:00:00,18.4232,18.4232,18.3012,18.3012,2700
DHD,8/27/2018 00:00:00,19.5212,19.8263,19.5212,19.8263,5700
DHD,8/28/2018 00:00:00,19.5212,19.5212,19.5212,19.5212,3700
DHD,8/29/2018 00:00:00,19.5212,19.5212,19.5212,19.5212,2300
DHD,8/30/2018 00:00:00,19.5212,19.5212,19.5212,19.5212,4400
DHD,8/31/2018 00:00:00,19.8263,19.8263,19.5212,19.5822,5700
DHD,9/4/2018 00:00:00,19.5822,19.6432,19.5822,19.6432,2300
DHD,9/5/2018 00:00:00,19.6432,19.7042,19.6432,19.6432,16000
DHD,9/6/2018 00:00:00,19.6432,19.8263,19.6432,19.8263,9100
DHD,9/7/2018 00:00:00,19.6432,19.8263,19.6432,19.8263,2400
DHD,9/10/2018 00:00:00,20.0093,20.0093,19.8263,19.8263,3900
DHD,9/11/2018 00:00:00,20.0093,20.0093,19.8263,19.8263,5100
DHD,9/12/2018 00:00:00,19.8263,20.6803,19.8263,20.4973,2900
DHD,9/13/2018 00:00:00,19.8873,19.8873,19.8873,19.8873,800
DHD,9/14/2018 00:00:00,17.4471,20.3753,17.4471,20.3753,200
DHD,9/17/2018 00:00:00,18.9112,20.4973,18.9112,20.4973,400
DHD,9/18/2018 00:00:00,20.0093,20.0093,20.0093,20.0093,100
DHD,9/19/2018 00:00:00,20.0093,20.1313,20.0093,20.1313,500
DHD,9/20/2018 00:00:00,19.8873,20.6193,19.8873,20.6193,200
DHD,9/21/2018 00:00:00,20.5583,23.1815,20.1923,20.1923,2100
DHD,9/24/2018 00:00:00,20.9243,20.9243,20.9243,20.9243,1200
DHD,9/25/2018 00:00:00,21.4734,21.4734,20.8023,21.3514,5700
DHD,9/26/2018 00:00:00,24.4625,24.4625,24.4625,24.4625,100
DHD,9/27/2018 00:00:00,20.8633,21.8394,20.8633,21.6564,5400
DHD,9/28/2018 00:00:00,24.3405,24.3405,21.6564,21.6564,1100
DHD,10/1/2018 00:00:00,24.3405,24.3405,21.6564,23.1205,9400
DHD,10/2/2018 00:00:00,24.3405,24.3405,21.3514,21.3514,10700
DHD,10/3/2018 00:00:00,21.6564,21.6564,21.3514,21.3514,8100
DHD,10/4/2018 00:00:00,23.6695,23.6695,21.3514,21.3514,6000
DHD,10/5/2018 00:00:00,21.3514,21.3514,21.3514,21.3514,5600
DHD,10/8/2018 00:00:00,21.3514,21.3514,21.3514,21.3514,6600
DHD,10/9/2018 00:00:00,21.3514,21.3514,21.2903,21.2903,6600
DHD,10/10/2018 00:00:00,21.2293,21.2293,21.2293,21.2293,9300
DHD,10/11/2018 00:00:00,24.3405,24.3405,21.2293,21.2903,12500
DHD,10/12/2018 00:00:00,21.2903,21.2903,21.2903,21.2903,600
DHD,10/15/2018 00:00:00,23.1205,23.1205,21.2293,21.2903,3000
DHD,10/16/2018 00:00:00,21.3514,21.3514,21.2903,21.3514,9100
DHD,10/17/2018 00:00:00,23.1205,23.1815,21.9614,21.9614,5600
DHD,10/18/2018 00:00:00,22.0224,22.0834,21.9614,21.9614,10000
DHD,10/19/2018 00:00:00,21.9614,21.9614,21.6564,21.6564,12200
DHD,10/22/2018 00:00:00,21.6564,21.6564,21.6564,21.6564,8200
DHD,10/23/2018 00:00:00,21.7174,21.7174,21.7174,21.7174,9000
DHD,10/24/2018 00:00:00,23.1815,23.1815,23.1815,23.1815,200
DHD,10/25/2018 00:00:00,23.1815,23.1815,23.1815,23.1815,7300
DHD,10/26/2018 00:00:00,23.2425,23.2425,23.1815,23.1815,18700
DHD,10/29/2018 00:00:00,24.3405,24.3405,23.2425,23.2425,6100
DHD,10/30/2018 00:00:00,23.3645,23.3645,23.3645,23.3645,1100
DHD,10/31/2018 00:00:00,24.2795,24.2795,23.3645,23.3645,1700
DHD,11/1/2018 00:00:00,23.3645,23.3645,23.3645,23.3645,1400
DHD,11/2/2018 00:00:00,23.3645,23.3645,23.3645,23.3645,3800
DHD,11/5/2018 00:00:00,25.5606,25.5606,23.4255,23.4255,2100
DHD,11/6/2018 00:00:00,23.5475,23.5475,23.5475,23.5475,7100
DHD,11/7/2018 00:00:00,23.9745,23.9745,23.9745,23.9745,100
DHD,11/8/2018 00:00:00,20.5583,23.7915,20.5583,23.7915,300
DHD,11/9/2018 00:00:00,24.0965,24.0965,22.5714,22.6934,6100
DHD,11/12/2018 00:00:00,23.9745,23.9745,22.5714,22.5714,1700
DHD,11/13/2018 00:00:00,22.6934,22.6934,22.6934,22.6934,3000
DHD,11/14/2018 00:00:00,23.7305,23.7305,22.6934,23.1815,2600
DHD,11/15/2018 00:00:00,23.7915,23.7915,22.6934,22.6934,1300
DHD,11/16/2018 00:00:00,23.7915,23.7915,22.9375,22.9375,600
DHD,11/19/2018 00:00:00,23.1815,23.1815,23.1815,23.1815,1000
DHD,11/20/2018 00:00:00,23.1815,23.2425,22.9985,23.1815,8800
DHD,11/21/2018 00:00:00,23.1815,23.1815,23.1815,23.1815,2500
DHD,11/22/2018 00:00:00,23.1815,23.1815,23.1815,23.1815,6400
DHD,11/23/2018 00:00:00,23.1815,23.1815,23.1815,23.1815,6500
DHD,11/26/2018 00:00:00,23.1815,23.1815,22.8764,23.1815,9200
DHD,11/27/2018 00:00:00,23.1815,23.1815,23.1815,23.1815,2500
DHD,11/29/2018 00:00:00,23.1815,23.1815,23.1815,23.1815,100
DHD,11/30/2018 00:00:00,20.8633,23.1815,20.8633,23.1815,500
DHD,12/3/2018 00:00:00,23.1815,23.1815,23.1815,23.1815,500
DHD,12/4/2018 00:00:00,23.1815,23.1815,23.0595,23.1815,3700
DHD,12/5/2018 00:00:00,22.8154,23.1815,22.8154,23.0595,4100
DHD,12/6/2018 00:00:00,23.1205,23.1205,23.0595,23.1205,1800
DHD,12/7/2018 00:00:00,23.0595,23.0595,23.0595,23.0595,100
DHD,12/11/2018 00:00:00,19.6432,22.0834,19.6432,21.9614,10400
DHD,12/12/2018 00:00:00,22.0834,22.0834,22.0224,22.0224,2000
DHD,12/13/2018 00:00:00,22.0834,22.0834,22.0224,22.0224,2000
DHD,12/17/2018 00:00:00,22.2664,22.2664,22.2664,22.2664,1000
DHD,12/18/2018 00:00:00,22.2664,22.2664,22.2664,22.2664,4200
DHD,12/19/2018 00:00:00,22.3274,22.3274,22.3274,22.3274,2800
DHD,12/20/2018 00:00:00,22.3884,22.3884,22.3274,22.3274,3500
DHD,12/21/2018 00:00:00,22.3274,22.3274,22.3274,22.3274,1000
DHD,12/24/2018 00:00:00,19.0332,22.3274,19.0332,22.3274,400
DHD,12/25/2018 00:00:00,20.1313,21.9614,20.1313,21.9614,6800
DHD,12/26/2018 00:00:00,20.4363,20.4363,20.4363,20.4363,100
DHD,12/27/2018 00:00:00,21.9614,23.1815,19.5212,23.1815,300
DHD,12/28/2018 00:00:00,20.6193,23.1815,19.8873,23.1815,400
DHD,1/2/2019 00:00:00,23.1205,23.1815,23.1205,23.1815,1100
DHD,1/3/2019 00:00:00,20.7413,22.1444,20.7413,22.1444,400
DHD,1/4/2019 00:00:00,23.0595,23.0595,21.0463,21.0463,200
DHD,1/7/2019 00:00:00,20.1313,22.0834,20.1313,22.0834,2400
DHD,1/8/2019 00:00:00,21.6564,22.3274,21.6564,22.3274,1600
DHD,1/11/2019 00:00:00,22.5714,22.5714,22.5714,22.5714,100
DHD,1/14/2019 00:00:00,23.7305,23.7305,21.4124,21.4124,200
DHD,1/15/2019 00:00:00,23.1815,23.1815,23.1815,23.1815,900
DHD,1/17/2019 00:00:00,22.3274,22.3274,22.3274,22.3274,800
DHD,1/18/2019 00:00:00,22.8764,22.8764,22.8764,22.8764,100
DHD,1/21/2019 00:00:00,20.4363,21.6564,20.4363,21.3514,1100
DHD,1/23/2019 00:00:00,22.3884,22.3884,22.3884,22.3884,1300
DHD,1/24/2019 00:00:00,21.9614,22.3274,21.9614,22.3274,9200
DHD,1/25/2019 00:00:00,21.7174,21.7174,21.7174,21.7174,500
DHD,1/28/2019 00:00:00,21.7174,21.7174,21.7174,21.7174,3200
DHD,1/29/2019 00:00:00,24.4015,24.4015,21.9614,21.9614,14200
DHD,1/30/2019 00:00:00,21.9614,21.9614,21.9614,21.9614,1400
DHD,1/31/2019 00:00:00,21.9614,21.9614,21.9614,21.9614,21500
DHD,2/1/2019 00:00:00,19.2162,21.9614,19.2162,21.9614,500
DHD,2/11/2019 00:00:00,22.4494,22.4494,22.4494,22.4494,100
DHD,2/12/2019 00:00:00,22.2664,22.2664,22.2664,22.2664,100
DHD,2/13/2019 00:00:00,24.2795,24.2795,20.4363,21.0463,1800
DHD,2/14/2019 00:00:00,18.6062,21.3514,18.6062,21.3514,3400
DHD,2/18/2019 00:00:00,21.3514,21.3514,21.3514,21.3514,4300
DHD,2/20/2019 00:00:00,19.5212,19.5212,19.5212,19.5212,100
DHD,2/21/2019 00:00:00,21.9004,21.9004,21.9004,21.9004,100
DHD,2/22/2019 00:00:00,21.3514,21.3514,21.3514,21.3514,1000
DHD,2/25/2019 00:00:00,24.5236,24.5236,24.5236,24.5236,100
DHD,2/26/2019 00:00:00,20.8633,21.9614,20.8633,21.9614,1100
DHD,2/27/2019 00:00:00,24.0355,24.0355,21.9614,21.9614,3100
DHD,2/28/2019 00:00:00,24.2185,24.2185,24.2185,24.2185,100
DHD,3/1/2019 00:00:00,21.9614,21.9614,21.9614,21.9614,2000
DHD,3/4/2019 00:00:00,21.9614,21.9614,21.9614,21.9614,1100
DHD,3/5/2019 00:00:00,22.4494,22.4494,22.4494,22.4494,100
DHD,3/7/2019 00:00:00,22.5714,22.5714,22.4494,22.4494,900
DHD,3/8/2019 00:00:00,22.8154,22.8154,22.8154,22.8154,100
DHD,3/11/2019 00:00:00,22.5714,22.7544,22.2664,22.5714,2900
DHD,3/12/2019 00:00:00,23.1205,23.1205,23.1205,23.1205,100
DHD,3/13/2019 00:00:00,23.1815,23.1815,23.1815,23.1815,100
DHD,3/14/2019 00:00:00,21.9614,21.9614,21.9614,21.9614,1000
DHD,3/15/2019 00:00:00,24.3405,24.3405,24.3405,24.3405,100
DHD,3/18/2019 00:00:00,20.7413,20.7413,20.7413,20.7413,100
DHD,3/19/2019 00:00:00,23.7915,23.7915,19.5212,21.9614,4900
DHD,3/20/2019 00:00:00,21.9614,22.0834,21.9614,21.9614,4000
DHD,3/21/2019 00:00:00,21.9614,22.2054,21.9614,22.2054,800
DHD,3/25/2019 00:00:00,23.7305,23.7305,23.7305,23.7305,100
DHD,3/26/2019 00:00:00,20.1923,22.4494,20.1923,22.4494,200
DHD,3/27/2019 00:00:00,24.5236,24.5236,21.9614,21.9614,1700
DHD,3/28/2019 00:00:00,21.9614,21.9614,21.3514,21.9614,12300
DHD,3/29/2019 00:00:00,20.8633,20.8633,20.8633,20.8633,100
DHD,4/1/2019 00:00:00,22.5714,22.5714,22.5714,22.5714,100
DHD,4/5/2019 00:00:00,21.9614,21.9614,21.9614,21.9614,700
DHD,4/8/2019 00:00:00,21.9004,21.9004,20.1313,20.1313,2100
DHD,4/9/2019 00:00:00,20.2533,20.4363,20.1923,20.4363,3700
DHD,4/10/2019 00:00:00,20.4363,21.3514,20.4363,21.3514,9300
DHD,4/11/2019 00:00:00,20.7413,20.7413,20.7413,20.7413,100
DHD,4/12/2019 00:00:00,20.8633,20.9243,20.8633,20.9243,1100
DHD,4/16/2019 00:00:00,20.8633,20.8633,20.8633,20.8633,1100
DHD,4/17/2019 00:00:00,20.8633,20.8633,20.8633,20.8633,900
DHD,4/18/2019 00:00:00,20.8633,20.8633,20.8633,20.8633,1000
DHD,4/19/2019 00:00:00,20.8023,20.8633,20.8023,20.8633,1900
DHD,4/25/2019 00:00:00,20.7413,20.7413,20.7413,20.7413,500
DHD,4/26/2019 00:00:00,20.6803,20.7413,20.6803,20.7413,5100
DHD,5/2/2019 00:00:00,20.7413,20.7413,20.7413,20.7413,3500
DHD,5/7/2019 00:00:00,20.7413,20.7413,20.7413,20.7413,1500
DHD,5/8/2019 00:00:00,18.6062,18.6062,18.6062,18.6062,100
DHD,5/14/2019 00:00:00,17.7521,17.7521,17.7521,17.7521,100
DHD,5/15/2019 00:00:00,17.7521,17.7521,17.7521,17.7521,100
DHD,5/17/2019 00:00:00,20.3143,20.3753,20.3143,20.3143,1300
DHD,5/21/2019 00:00:00,18.1181,18.1181,18.1181,18.1181,100
DHD,5/27/2019 00:00:00,19.9924,19.9924,19.9924,19.9924,1100
DHD,5/31/2019 00:00:00,20.6172,20.6172,20.6172,20.6172,100
DHD,6/18/2019 00:00:00,20.6172,20.6172,20.6172,20.6172,200
DHD,6/28/2019 00:00:00,21.242,21.242,21.242,21.242,1100
DHD,7/8/2019 00:00:00,19.9924,19.9924,19.9924,19.9924,100
DHD,7/19/2019 00:00:00,18.7429,20.6172,18.7429,20.6172,26500
DHD,7/23/2019 00:00:00,18.7429,18.7429,18.7429,18.7429,100
DHD,7/30/2019 00:00:00,19.93,19.93,19.93,19.93,1000
DHD,8/5/2019 00:00:00,18.7429,18.8054,18.7429,18.8054,400
DHD,8/8/2019 00:00:00,19.9924,19.9924,19.93,19.93,300
DHD,8/12/2019 00:00:00,18.8679,18.8679,18.8054,18.8054,200
DHD,8/13/2019 00:00:00,20.6172,20.6172,20.6172,20.6172,400
DHD,8/15/2019 00:00:00,18.7429,18.8054,18.7429,18.8054,300
DHD,8/19/2019 00:00:00,18.8054,18.8054,18.7429,18.7429,700
DHD,8/23/2019 00:00:00,19.3052,19.3677,19.3052,19.3677,1200
DHD,8/28/2019 00:00:00,19.3052,19.3052,19.3052,19.3052,100
DHD,9/4/2019 00:00:00,17.181,17.181,17.181,17.181,100
DHD,9/9/2019 00:00:00,18.7429,18.7429,18.7429,18.7429,500
DHD,9/12/2019 00:00:00,18.7429,19.3677,18.7429,19.3677,2200
DHD,9/13/2019 00:00:00,19.3677,19.3677,19.3677,19.3677,100
DHD,9/17/2019 00:00:00,19.3677,19.3677,19.3052,19.3052,1100
DHD,9/23/2019 00:00:00,18.4305,18.4305,18.4305,18.4305,1000
DHD,9/26/2019 00:00:00,18.4305,18.4305,18.4305,18.4305,200
DHD,10/2/2019 00:00:00,18.7429,18.7429,18.7429,18.7429,1000
DHD,10/3/2019 00:00:00,18.7429,18.7429,18.7429,18.7429,200
DHD,10/22/2019 00:00:00,18.1181,18.1181,18.1181,18.1181,500
DHD,11/15/2019 00:00:00,18.7429,18.7429,18.7429,18.7429,200
DHD,11/29/2019 00:00:00,16.8686,16.8686,16.8686,16.8686,200
DHD,12/2/2019 00:00:00,18.7429,18.7429,18.7429,18.7429,200
DHD,12/9/2019 00:00:00,18.7429,18.7429,18.7429,18.7429,100
DHD,12/11/2019 00:00:00,18.4305,18.4305,18.4305,18.4305,1000
DHD,12/13/2019 00:00:00,18.4305,18.4305,18.4305,18.4305,100
DHD,1/13/2020 00:00:00,17.4934,17.4934,17.4934,17.4934,200
DHD,1/20/2020 00:00:00,16.2439,16.2439,16.2439,16.2439,3500
DHD,1/21/2020 00:00:00,14.9943,14.9943,14.9943,14.9943,2000
DHD,1/31/2020 00:00:00,16.8686,17.1185,16.8686,17.1185,600
DHD,2/3/2020 00:00:00,16.7437,16.8061,16.7437,16.8061,2700
DHD,2/4/2020 00:00:00,16.3063,16.7437,16.3063,16.7437,1100
DHD,2/11/2020 00:00:00,15.9315,15.9315,15.9315,15.9315,900
DHD,2/17/2020 00:00:00,15.9315,15.9315,15.9315,15.9315,1000
DHD,2/20/2020 00:00:00,16.2439,16.2439,16.2439,16.2439,500
DHD,2/24/2020 00:00:00,16.2439,16.2439,16.2439,16.2439,200
DHD,2/25/2020 00:00:00,16.2439,16.2439,16.2439,16.2439,2700
DHD,2/26/2020 00:00:00,16.2439,16.2439,16.2439,16.2439,100
DHD,2/28/2020 00:00:00,16.2439,16.2439,16.2439,16.2439,1000
DHD,3/2/2020 00:00:00,16.2439,16.2439,16.2439,16.2439,1000
DHD,3/3/2020 00:00:00,15.0568,15.0568,15.0568,15.0568,100
DHD,3/6/2020 00:00:00,15.3067,15.3067,15.3067,15.3067,1000
DHD,3/9/2020 00:00:00,16.1814,16.1814,16.1814,16.1814,1000
DHD,3/11/2020 00:00:00,16.1814,16.1814,16.1814,16.1814,1000
DHD,3/17/2020 00:00:00,16.1814,16.1814,16.1814,16.1814,600
DHD,3/18/2020 00:00:00,16.5562,16.5562,16.5562,16.5562,1100
DHD,3/20/2020 00:00:00,16.6187,16.6187,16.6187,16.6187,2000
DHD,3/27/2020 00:00:00,16.6187,16.6187,16.6187,16.6187,500
DHD,3/30/2020 00:00:00,19.0553,19.0553,19.0553,19.0553,1100
DHD,4/1/2020 00:00:00,21.8667,21.8667,21.8667,21.8667,100
DHD,4/8/2020 00:00:00,18.618,18.618,18.618,18.618,1600
DHD,4/9/2020 00:00:00,18.618,18.618,18.618,18.618,6400
DHD,4/10/2020 00:00:00,18.618,18.618,18.618,18.618,3400
DHD,4/13/2020 00:00:00,21.3044,21.3044,21.3044,21.3044,100
DHD,4/16/2020 00:00:00,20.6172,21.242,20.6172,21.242,3500
DHD,4/17/2020 00:00:00,20.6172,20.6172,20.6172,20.6172,4100
DHD,4/21/2020 00:00:00,23.6785,23.6785,21.242,21.8667,1300
DHD,4/22/2020 00:00:00,21.8043,21.8667,21.8043,21.8667,600
DHD,4/23/2020 00:00:00,25.0622,25.0622,25.0622,25.0622,100
DHD,5/13/2020 00:00:00,21.4139,21.4139,21.4139,21.4139,100
DHD,5/20/2020 00:00:00,18.6381,18.6381,18.6381,18.6381,100
DHD,5/25/2020 00:00:00,15.8622,15.8622,15.8622,15.8622,1000
DHD,5/28/2020 00:00:00,17.845,17.845,17.845,17.845,1600
DHD,6/12/2020 00:00:00,18.2415,18.2415,18.2415,18.2415,200
DHD,7/6/2020 00:00:00,16.6553,16.6553,16.6553,16.6553,300
DHD,7/14/2020 00:00:00,19.0346,19.0346,19.0346,19.0346,300
DHD,7/17/2020 00:00:00,18.2415,18.2415,18.2415,18.2415,200
DHD,7/27/2020 00:00:00,15.5449,15.5449,15.5449,15.5449,100
DHD,8/5/2020 00:00:00,17.4484,17.4484,17.4484,17.4484,1000
DHD,8/12/2020 00:00:00,17.4484,17.4484,17.4484,17.4484,2000
DHD,8/17/2020 00:00:00,17.4484,17.4484,17.4484,17.4484,1700
DHD,8/18/2020 00:00:00,17.4484,18.2415,17.4484,18.2415,4200
DHD,8/19/2020 00:00:00,18.2415,18.4001,18.2415,18.4001,5400
DHD,8/20/2020 00:00:00,18.4001,18.4001,18.4001,18.4001,3900
DHD,8/21/2020 00:00:00,18.4794,18.4794,18.4794,18.4794,2500
DHD,8/24/2020 00:00:00,18.0036,18.4794,18.0036,18.4794,6000
DHD,8/25/2020 00:00:00,18.2415,18.4001,17.1312,18.4001,2400
DHD,8/26/2020 00:00:00,18.2415,18.4001,18.2415,18.4001,2400
DHD,8/27/2020 00:00:00,21.0174,21.0174,20.9381,20.9381,500
DHD,9/1/2020 00:00:00,18.0829,18.2415,17.845,18.2415,500
DHD,9/4/2020 00:00:00,19.0346,19.0346,19.0346,19.0346,300
DHD,9/7/2020 00:00:00,19.0346,19.0346,19.0346,19.0346,300
DHD,9/11/2020 00:00:00,19.0346,19.0346,19.0346,19.0346,1200
DHD,9/14/2020 00:00:00,18.2415,18.2415,18.0829,18.2415,1000
DHD,9/15/2020 00:00:00,18.2415,18.2415,18.2415,18.2415,600
DHD,9/16/2020 00:00:00,17.845,17.845,17.4484,17.4484,1500
DHD,9/17/2020 00:00:00,17.607,17.845,17.607,17.845,2900
DHD,9/18/2020 00:00:00,20.2243,20.2243,20.2243,20.2243,100
DHD,9/21/2020 00:00:00,17.9243,17.9243,17.9243,17.9243,300
DHD,9/28/2020 00:00:00,18.876,18.876,18.876,18.876,100
DHD,10/1/2020 00:00:00,18.4794,18.4794,18.2415,18.2415,200
DHD,10/7/2020 00:00:00,20.8588,20.8588,20.8588,20.8588,100
DHD,10/8/2020 00:00:00,18.0036,18.2415,18.0036,18.2415,600
DHD,10/12/2020 00:00:00,20.8588,20.8588,20.8588,20.8588,100
DHD,10/15/2020 00:00:00,18.2415,18.2415,18.2415,18.2415,600
DHD,10/16/2020 00:00:00,18.2415,18.2415,18.2415,18.2415,1200
DHD,10/27/2020 00:00:00,17.2105,17.2105,17.2105,17.2105,100
DHD,10/28/2020 00:00:00,17.2105,17.2105,17.2105,17.2105,600
DHD,10/29/2020 00:00:00,19.7484,19.7484,19.7484,19.7484,100
DHD,11/2/2020 00:00:00,17.4484,17.4484,17.4484,17.4484,100
DHD,11/5/2020 00:00:00,20.0657,20.0657,20.0657,20.0657,100
DHD,11/6/2020 00:00:00,17.4484,17.4484,17.4484,17.4484,100
DHD,11/10/2020 00:00:00,20.0657,20.0657,20.0657,20.0657,100
DHD,11/18/2020 00:00:00,17.4484,17.4484,17.1312,17.1312,600
DHD,11/19/2020 00:00:00,19.7484,19.7484,19.7484,19.7484,100
DHD,12/15/2020 00:00:00,19.6691,19.6691,19.6691,19.6691,2000
DHD,12/16/2020 00:00:00,19.6691,19.6691,19.0346,19.6691,2500
DHD,12/17/2020 00:00:00,19.3519,19.6691,19.3519,19.6691,2000
DHD,12/18/2020 00:00:00,19.3519,19.3519,19.3519,19.3519,600
DHD,12/21/2020 00:00:00,19.0346,20.2243,19.0346,20.2243,6000
DHD,12/22/2020 00:00:00,19.907,19.907,19.907,19.907,1300
DHD,12/23/2020 00:00:00,19.907,19.907,19.907,19.907,3400
DHD,12/24/2020 00:00:00,19.4312,19.8277,19.4312,19.8277,3000
DHD,12/28/2020 00:00:00,22.6036,22.6036,21.4139,21.4139,2300
DHD,1/5/2021 00:00:00,25.0622,25.0622,25.0622,25.0622,100
DHD,1/6/2021 00:00:00,21.3346,21.3346,21.3346,21.3346,200
DHD,1/7/2021 00:00:00,21.3346,21.3346,21.3346,21.3346,1200
DHD,1/11/2021 00:00:00,21.3346,21.3346,21.3346,21.3346,500
DHD,1/13/2021 00:00:00,21.4139,21.4139,21.2553,21.2553,7000
DHD,1/14/2021 00:00:00,21.2553,21.2553,21.2553,21.2553,6000
DHD,1/15/2021 00:00:00,21.2553,21.2553,21.2553,21.2553,1600
DHD,1/18/2021 00:00:00,19.8277,20.2243,19.8277,20.2243,5500
DHD,1/19/2021 00:00:00,20.2243,20.2243,20.2243,20.2243,1000
DHD,1/21/2021 00:00:00,23.2381,23.2381,21.8105,21.8105,200
DHD,1/25/2021 00:00:00,20.2243,20.2243,20.2243,20.2243,1100
DHD,1/26/2021 00:00:00,21.4139,21.4139,19.8277,19.8277,5100
DHD,1/27/2021 00:00:00,19.4312,19.4312,19.4312,19.4312,3000
DHD,1/28/2021 00:00:00,19.4312,19.4312,19.4312,19.4312,2200
DHD,1/29/2021 00:00:00,19.4312,19.6691,19.4312,19.6691,6000
DHD,2/1/2021 00:00:00,21.4139,21.4139,21.4139,21.4139,100
DHD,2/2/2021 00:00:00,18.3208,18.3208,18.3208,18.3208,100
DHD,2/3/2021 00:00:00,20.9381,21.0174,16.338,21.0174,3200
DHD,2/4/2021 00:00:00,23.3174,23.3174,23.3174,23.3174,100
DHD,2/8/2021 00:00:00,21.3346,21.3346,21.3346,21.3346,200
DHD,2/9/2021 00:00:00,21.3346,21.3346,21.3346,21.3346,1300
DHD,2/18/2021 00:00:00,21.3346,21.3346,21.2553,21.2553,700
DHD,2/19/2021 00:00:00,21.176,21.176,21.0967,21.0967,2000
DHD,3/1/2021 00:00:00,19.9864,19.9864,19.9864,19.9864,400
DHD,3/10/2021 00:00:00,20.7795,20.7795,20.7795,20.7795,1000
DHD,3/11/2021 00:00:00,20.7795,20.7795,20.7795,20.7795,1000
DHD,3/12/2021 00:00:00,20.7795,20.7795,20.7795,20.7795,1300
DHD,3/15/2021 00:00:00,20.7795,20.7795,20.6208,20.6208,2300
DHD,3/16/2021 00:00:00,19.8277,19.8277,19.8277,19.8277,200
DHD,3/18/2021 00:00:00,20.4622,21.4139,20.4622,21.4139,1700
DHD,3/19/2021 00:00:00,20.5415,20.6208,20.5415,20.6208,2600
DHD,3/22/2021 00:00:00,20.6208,21.2553,20.6208,21.2553,2600
DHD,3/23/2021 00:00:00,21.2553,21.2553,21.0967,21.0967,700
DHD,3/25/2021 00:00:00,21.176,21.176,21.176,21.176,1000
DHD,3/29/2021 00:00:00,21.176,21.176,20.6208,20.6208,800
DHD,3/30/2021 00:00:00,21.0967,21.0967,21.0967,21.0967,1900
DHD,3/31/2021 00:00:00,21.0967,21.0967,21.0967,21.0967,22600
DHD,4/1/2021 00:00:00,20.8588,21.0174,20.8588,21.0174,14000
DHD,4/2/2021 00:00:00,18.6381,20.9381,18.6381,20.9381,200
DHD,4/5/2021 00:00:00,20.8588,20.8588,20.4622,20.8588,45900
DHD,4/6/2021 00:00:00,20.8588,20.8588,20.8588,20.8588,10500
DHD,4/7/2021 00:00:00,21.3457,21.3457,21.3457,21.3457,300
DHD,4/8/2021 00:00:00,21.5081,21.5081,21.5081,21.5081,2800
DHD,4/9/2021 00:00:00,21.3457,21.5081,21.3457,21.3457,3900
DHD,4/12/2021 00:00:00,21.5081,21.5081,21.5081,21.5081,10500
DHD,4/13/2021 00:00:00,21.5081,21.5892,21.5081,21.5892,7200
DHD,4/14/2021 00:00:00,21.5892,21.5892,21.5892,21.5892,4000
DHD,4/15/2021 00:00:00,21.7516,21.7516,21.7516,21.7516,600
DHD,4/16/2021 00:00:00,24.9169,24.9169,21.5892,21.5892,3200
DHD,4/19/2021 00:00:00,21.6704,21.9139,21.6704,21.9139,8200
DHD,4/20/2021 00:00:00,25.0792,25.0792,21.9139,21.9139,600
DHD,4/22/2021 00:00:00,22.3197,22.7255,22.3197,22.5632,4100
DHD,4/23/2021 00:00:00,22.6443,22.7255,22.6443,22.6443,8100
DHD,4/26/2021 00:00:00,22.3197,25.972,22.3197,25.972,3000
DHD,4/27/2021 00:00:00,23.0502,25.972,23.0502,25.972,600
DHD,5/4/2021 00:00:00,28.0011,28.0011,25.972,25.972,700
DHD,5/5/2021 00:00:00,22.4009,24.3488,22.4009,24.3488,200
DHD,5/10/2021 00:00:00,26.7836,26.7836,26.7836,26.7836,100
DHD,5/11/2021 00:00:00,22.8878,22.969,22.8878,22.8878,1500
DHD,5/12/2021 00:00:00,26.2967,26.2967,26.2967,26.2967,100
DHD,5/13/2021 00:00:00,22.5632,23.9429,22.5632,22.5632,1800
DHD,5/14/2021 00:00:00,22.6443,22.6443,22.6443,22.6443,2000
DHD,5/17/2021 00:00:00,22.6443,22.6443,22.6443,22.6443,300
DHD,5/19/2021 00:00:00,22.6443,22.6443,21.5081,22.6443,2700
DHD,5/20/2021 00:00:00,21.6704,21.6704,21.5081,21.5081,2900
DHD,5/21/2021 00:00:00,21.6704,21.6704,21.6704,21.6704,2900
DHD,5/24/2021 00:00:00,21.6704,21.6704,21.1023,21.1834,13300
DHD,5/25/2021 00:00:00,21.5892,21.5892,21.5892,21.5892,1300
DHD,5/26/2021 00:00:00,21.5892,21.6704,21.5892,21.6704,1400
DHD,5/27/2021 00:00:00,22.6443,22.6443,22.5632,22.6443,1100
DHD,5/28/2021 00:00:00,22.6443,23.1313,22.6443,22.7255,1500
DHD,5/31/2021 00:00:00,22.6443,22.6443,22.6443,22.6443,2800
DHD,6/1/2021 00:00:00,22.6443,23.0502,22.6443,22.8067,5200
DHD,6/2/2021 00:00:00,26.0095,26.0095,25.9121,25.9121,1600
DHD,6/4/2021 00:00:00,25.3276,25.3276,25.3276,25.3276,200
DHD,6/7/2021 00:00:00,25.3276,25.3276,25.3276,25.3276,100
DHD,6/8/2021 00:00:00,25.3276,25.3276,25.3276,25.3276,200
DHD,6/9/2021 00:00:00,25.3276,25.3276,25.3276,25.3276,1000
DHD,6/11/2021 00:00:00,23.8664,23.8664,23.8664,23.8664,200
DHD,6/14/2021 00:00:00,23.3793,23.3793,23.3793,23.3793,5000
DHD,6/15/2021 00:00:00,23.3793,23.3793,23.3793,23.3793,1400
DHD,6/16/2021 00:00:00,23.3793,23.3793,23.3793,23.3793,7200
DHD,6/17/2021 00:00:00,23.3793,23.3793,23.3793,23.3793,4300
DHD,6/21/2021 00:00:00,21.431,22.9897,21.431,22.9897,200
DHD,6/24/2021 00:00:00,21.9181,21.9181,21.9181,21.9181,400
DHD,6/25/2021 00:00:00,21.9181,21.9181,21.9181,21.9181,3400
DHD,6/28/2021 00:00:00,21.9181,23.2819,21.9181,23.2819,5500
DHD,6/30/2021 00:00:00,25.425,25.425,21.8207,21.8207,15100
DHD,7/1/2021 00:00:00,21.8207,21.8207,21.8207,21.8207,10300
DHD,7/2/2021 00:00:00,24.9379,24.9379,22.4052,22.4052,200
DHD,7/5/2021 00:00:00,22.4052,22.4052,22.4052,22.4052,600
DHD,7/6/2021 00:00:00,25.6198,25.6198,25.6198,25.6198,100
DHD,7/7/2021 00:00:00,22.4052,22.6,22.2103,22.6,600
DHD,7/8/2021 00:00:00,22.6,22.6,21.431,21.431,200
DHD,7/9/2021 00:00:00,25.8,25.9,22.5,25.9,1400
DHD,7/12/2021 00:00:00,26.8,26.8,25.8,25.8,400
DHD,7/13/2021 00:00:00,22.3,25,22.3,25,900
DHD,7/14/2021 00:00:00,25.8,25.8,25,25,400
DHD,7/16/2021 00:00:00,25.1,25.2,25.1,25.2,5100
DHD,7/19/2021 00:00:00,25.2,25.2,25,25,200
DHD,7/20/2021 00:00:00,21.6,21.6,21.6,21.6,100
DHD,7/21/2021 00:00:00,24.7,24.7,24.7,24.7,200
DHD,7/27/2021 00:00:00,25.8,25.8,25.8,25.8,100
DHD,7/28/2021 00:00:00,23,23,23,23,100
DHD,7/30/2021 00:00:00,25,25,25,25,200
DHD,8/2/2021 00:00:00,24.9,24.9,23.2,23.2,600
DHD,8/4/2021 00:00:00,23,23,23,23,500
DHD,8/5/2021 00:00:00,23,23,23,23,600
DHD,8/6/2021 00:00:00,23,23,23,23,500
DHD,8/9/2021 00:00:00,23,23,23,23,1000
DHD,8/10/2021 00:00:00,25.5,25.5,25,25,900
DHD,8/11/2021 00:00:00,23,24.7,23,24.7,1300
DHD,8/12/2021 00:00:00,24.9,24.9,24.5,24.5,1100
DHD,8/13/2021 00:00:00,25,25,25,25,200
DHD,8/17/2021 00:00:00,25,25,24.8,24.9,1500
DHD,8/19/2021 00:00:00,24.8,25,24.8,25,3300
DHD,8/20/2021 00:00:00,24.7,24.7,24.7,24.7,200
DHD,8/25/2021 00:00:00,24,24,23.2,23.2,500
DHD,8/26/2021 00:00:00,23.5,23.5,23.5,23.5,1500
DHD,8/27/2021 00:00:00,23.5,26,23.5,25,16100
DHD,8/30/2021 00:00:00,25,27,24.8,27,33300
DHD,8/31/2021 00:00:00,27.6,29,27.6,28,18300
DHD,9/1/2021 00:00:00,28,28,26,27,4400
DHD,9/6/2021 00:00:00,27,27,25.3,25.8,14300
DHD,9/7/2021 00:00:00,28.5,28.5,25.5,25.7,14000
DHD,9/8/2021 00:00:00,25.2,26.3,25.2,26.3,6400
DHD,9/9/2021 00:00:00,26.2,26.2,25.5,25.5,7200
DHD,9/10/2021 00:00:00,25.5,25.8,24.8,24.8,6900
DHD,9/13/2021 00:00:00,27.9,27.9,25.7,25.7,200
DHD,9/14/2021 00:00:00,24.7,24.8,24.7,24.8,1200
DHD,9/15/2021 00:00:00,26.8,26.8,24.8,24.8,1300
DHD,9/16/2021 00:00:00,24.7,24.7,24.5,24.5,2300
DHD,9/17/2021 00:00:00,24.5,24.8,24.5,24.8,8900
DHD,9/20/2021 00:00:00,24.7,24.7,24.3,24.3,800
DHD,9/21/2021 00:00:00,24,24,24,24,400
DHD,9/22/2021 00:00:00,24.7,25,24.7,25,1400
DHD,9/23/2021 00:00:00,24.5,24.5,24.2,24.2,4400
DHD,9/24/2021 00:00:00,25.9,25.9,25.9,25.9,100
DHD,9/28/2021 00:00:00,23.1,24.8,23.1,24.8,1300
DHD,9/30/2021 00:00:00,24,24,24,24,1300
DHD,10/1/2021 00:00:00,24,24,23.4,23.5,3200
DHD,10/4/2021 00:00:00,23.6,23.6,23.6,23.6,100
DHD,10/5/2021 00:00:00,23.6,23.6,23.1,23.6,4700
DHD,10/6/2021 00:00:00,23.6,23.6,23.6,23.6,1900
DHD,10/7/2021 00:00:00,23.5,24.9,23.5,24.9,2900
DHD,10/8/2021 00:00:00,23.6,23.6,23.6,23.6,2300
DHD,10/12/2021 00:00:00,24.8,24.8,24.8,24.8,500
DHD,10/13/2021 00:00:00,24.8,24.8,24.8,24.8,2000
DHD,10/14/2021 00:00:00,24.7,24.7,23.1,23.6,3400
DHD,10/15/2021 00:00:00,24,24,24,24,400
DHD,10/18/2021 00:00:00,24,24.1,24,24,600
DHD,10/20/2021 00:00:00,24,24,24,24,2600
DHD,10/21/2021 00:00:00,23,23.6,23,23.6,900
DHD,10/22/2021 00:00:00,24.3,24.3,24.3,24.3,400
DHD,10/25/2021 00:00:00,24.4,24.4,24.4,24.4,200
DHD,10/26/2021 00:00:00,24.5,24.5,24.5,24.5,200
DHD,10/27/2021 00:00:00,23.7,23.7,23.7,23.7,500
DHD,10/28/2021 00:00:00,24,24.6,24,24.5,5900
DHD,11/1/2021 00:00:00,24.5,24.5,24.5,24.5,1000
DHD,11/2/2021 00:00:00,24.5,24.5,24.5,24.5,500
DHD,11/3/2021 00:00:00,24,24,24,24,200
DHD,11/8/2021 00:00:00,24,24,23.5,23.5,500
DHD,11/10/2021 00:00:00,23.8,23.8,23.8,23.8,4500
DHD,11/11/2021 00:00:00,23.9,24,23.9,23.9,300
DHD,11/12/2021 00:00:00,24.5,24.5,24.4,24.5,1500
DHD,11/15/2021 00:00:00,24.8,24.9,24.8,24.8,1400
DHD,11/16/2021 00:00:00,25.2,25.2,25,25,200
DHD,11/17/2021 00:00:00,23,24.7,23,24,11900
DHD,11/19/2021 00:00:00,23.8,23.8,23.8,23.8,5200
DHD,11/22/2021 00:00:00,24,24,20.5,24,3500
DHD,11/23/2021 00:00:00,23.5,23.5,23.5,23.5,1000
DHD,11/24/2021 00:00:00,24.5,24.5,24.5,24.5,1000
DHD,11/25/2021 00:00:00,24.5,25,24.5,25,2600
DHD,11/26/2021 00:00:00,25,25,25,25,300
DHD,11/29/2021 00:00:00,25,25.2,24.9,25.2,2700
DHD,11/30/2021 00:00:00,25.1,25.1,25.1,25.1,100
DHD,12/2/2021 00:00:00,25,25,25,25,100
DHD,12/3/2021 00:00:00,24.6,24.6,24.5,24.5,200
DHD,12/6/2021 00:00:00,24.1,24.2,24.1,24.2,3000
DHD,12/7/2021 00:00:00,24.2,24.2,24.2,24.2,3000
DHD,12/8/2021 00:00:00,24,24.2,24,24.2,1200
DHD,12/9/2021 00:00:00,24,24,24,24,100
DHD,12/10/2021 00:00:00,24,24,24,24,100
DHD,12/13/2021 00:00:00,23,25,23,25,2300
DHD,12/14/2021 00:00:00,24.5,24.7,24.5,24.7,500
DHD,12/15/2021 00:00:00,24.6,24.9,24.6,24.9,3200
DHD,12/16/2021 00:00:00,24.9,25.5,24.9,25.5,2100
DHD,12/17/2021 00:00:00,25.2,25.5,25.2,25.2,700
DHD,12/21/2021 00:00:00,25,25,25,25,100
DHD,12/22/2021 00:00:00,24.8,25.5,24.8,25.5,3100
DHD,12/23/2021 00:00:00,25,25.2,25,25.2,5000
DHD,12/24/2021 00:00:00,25.1,25.2,25.1,25.2,1000
DHD,12/30/2021 00:00:00,25.4,25.5,25.4,25.5,3500
DHD,12/31/2021 00:00:00,25.5,25.5,25.2,25.5,900
DHD,1/4/2022 00:00:00,25.5,26,25.5,26,700
DHD,1/6/2022 00:00:00,25,26.5,25,26.5,700
DHD,1/11/2022 00:00:00,26.5,26.5,26.5,26.5,2000
DHD,1/12/2022 00:00:00,25,26.5,25,26.5,1100
DHD,1/17/2022 00:00:00,24,24.5,24,24.1,2100
DHD,1/20/2022 00:00:00,24.1,24.1,24.1,24.1,100
DHD,1/21/2022 00:00:00,24,24,24,24,5000
DHD,1/27/2022 00:00:00,24.5,24.5,24.5,24.5,1500
DHD,1/28/2022 00:00:00,25,25,25,25,2000
DHD,2/8/2022 00:00:00,25,25.5,25,25.5,12700
DHD,2/9/2022 00:00:00,25.5,25.5,25.5,25.5,15500
DHD,2/10/2022 00:00:00,25.6,25.6,25.5,25.5,12000
DHD,2/11/2022 00:00:00,25.5,25.5,25.5,25.5,5000
DHD,2/14/2022 00:00:00,25.5,25.5,25.5,25.5,200
DHD,2/17/2022 00:00:00,25.5,25.5,25.5,25.5,5000
DHD,2/18/2022 00:00:00,25.5,25.7,25.5,25.7,2100
DHD,2/21/2022 00:00:00,25.7,25.7,25.7,25.7,3700
DHD,2/22/2022 00:00:00,25.9,25.9,25.7,25.9,8400
DHD,2/23/2022 00:00:00,25.8,26.3,25.8,26.3,8600
DHD,2/24/2022 00:00:00,26.5,26.5,26,26.3,6000
DHD,2/25/2022 00:00:00,26.6,26.6,26.6,26.6,2100
DHD,3/1/2022 00:00:00,26.6,26.6,26.6,26.6,10000
DHD,3/7/2022 00:00:00,26.6,26.6,26.6,26.6,2300
DHD,3/8/2022 00:00:00,26.7,26.7,26.6,26.6,2400
DHD,3/14/2022 00:00:00,26.6,26.6,26.6,26.6,2300
DHD,3/22/2022 00:00:00,26.6,26.7,26.6,26.7,2100
DHD,3/29/2022 00:00:00,26.6,26.6,26.6,26.6,100
DHD,4/1/2022 00:00:00,26.7,26.7,26.7,26.7,3000
DHD,4/5/2022 00:00:00,26.8,26.8,26.7,26.7,2400
DHD,4/8/2022 00:00:00,22.9,26.8,22.7,26.7,8900
DHD,4/12/2022 00:00:00,26.7,26.7,26.7,26.7,3000
DHD,4/13/2022 00:00:00,26.7,26.7,26.7,26.7,2000
DHD,4/14/2022 00:00:00,28.9,28.9,28.9,28.9,100
DHD,4/15/2022 00:00:00,28.9,28.9,27,27,2200
DHD,4/18/2022 00:00:00,27.1,27.2,27.1,27.2,200
DHD,4/19/2022 00:00:00,27.2,27.2,27,27,300
